Feature,MeanAbsSHAP,MedianAbsSHAP,StdAbsSHAP,ContributionShare
mesh_median_ppsqm,0.1143945153836642,0.10844501122483052,0.07468178968580534,0.4674286079188079
mesh_median_ppsqm_lag1,0.05290903514857573,0.05076067533809692,0.03354703024471403,0.21619215364373756
mesh_median_ppsqm_ma4q,0.049899931872327365,0.05240624789666981,0.021977413228474657,0.2038966257437911
mesh_median_ppsqm_growth_qoq,0.016975386307545175,0.010745223695266759,0.03575077008547025,0.06936330088909962
mesh_avg_age,0.006295324561705229,0.004120513541238324,0.006769694634871713,0.025723390552473697
mesh_transaction_count,0.0021847950104671556,0.0015080441162353964,0.001967093278119897,0.008927313402268712
mesh_avg_area,0.002072535301739379,0.0005308354360522571,0.008567596713274502,0.008468607849821496
