Feature,MeanAbsSHAP,MedianAbsSHAP,StdAbsSHAP,ContributionShare
mesh_median_ppsqm,0.1530704680428054,0.1613655480905436,0.0703555228751725,0.4864970127834006
mesh_median_ppsqm_ma4q,0.07245107630268421,0.07805287191877142,0.022743323571629646,0.23026801083760567
mesh_median_ppsqm_lag1,0.06740413067762888,0.06986550483270548,0.03148363075880707,0.21422752960262928
mesh_median_ppsqm_growth_qoq,0.011403810959185042,0.00772526547916641,0.010781122156566103,0.03624422161196162
mesh_avg_age,0.007783760311548823,0.007937428657896817,0.0034526799407885557,0.02473877677522708
mesh_transaction_count,0.0019299726858259683,0.0014897419350745622,0.0016900453505876052,0.006133945746774119
mesh_avg_area,0.0005948240517510565,0.0005910783152671684,0.00037071535195809464,0.0018905026424018258
