Feature,MeanAbsSHAP,MedianAbsSHAP,StdAbsSHAP,ContributionShare
MedianPriceSqM,0.3299435722911631,0.25362801330629736,0.19059469826961806,0.5059516740195296
MedianPriceSqM_ma4q,0.15203435794063944,0.1198774368967861,0.08689097866982522,0.23313694937105792
MedianPriceSqM_lag1,0.13602665730534083,0.10601605239207856,0.07736679926263573,0.20858995523690446
AvgBuildingAge,0.023817991117962654,0.023945119603013154,0.005563325417252153,0.036523677046453096
ActiveMeshes,0.006247525245735813,0.006643897544563515,0.002745136555397366,0.009580261966036691
TransactionCount,0.0025460078475279782,0.00227347402687883,0.001803922615566692,0.003904173442684583
MedianPriceSqM_growth_qoq,0.001508565831859668,0.001126473531968486,0.001611904289325955,0.0023133089173336375
