Feature,MeanAbsSHAP,MedianAbsSHAP,StdAbsSHAP,ContributionShare
MedianPriceSqM,0.2736127106439473,0.224846153636463,0.20003734180095828,0.4979849495808164
MedianPriceSqM_ma4q,0.12614247752377802,0.10247832187451422,0.09141531063440983,0.2295838346173245
MedianPriceSqM_lag1,0.11269105077481166,0.09135511427302845,0.08168594783745502,0.2051017553469248
AvgBuildingAge,0.026068848915218722,0.02485315967714996,0.0069753779086980106,0.04744624027927005
ActiveMeshes,0.006636001106528511,0.006643897544563515,0.002854316694452061,0.012077760088979057
TransactionCount,0.002468993450217264,0.0022133244783617556,0.001838953167453599,0.004493656657719344
MedianPriceSqM_growth_qoq,0.0018196363445963945,0.0013163539451852557,0.0018887726970280223,0.0033118034289658167
