Feature,MeanAbsSHAP,MedianAbsSHAP,StdAbsSHAP,ContributionShare
MedianPriceSqM,0.06518268787077375,0.05930344389707898,0.017525054291589112,0.4245266955614498
MedianPriceSqM_ma4q,0.030599879029371852,0.02733592622098513,0.007444895901801368,0.19929318586360303
MedianPriceSqM_lag1,0.026599451330715358,0.02371117077791496,0.006837188847614895,0.1732389004817232
AvgBuildingAge,0.018369318533056383,0.020381905465910677,0.008921651223818564,0.11963707467869958
ActiveMeshes,0.005409706302430095,0.005066908946218973,0.004323000278516666,0.03523274070995035
MedianPriceSqM_growth_qoq,0.004334425316576092,0.003639714884911882,0.003248307947997916,0.028229570103827886
TransactionCount,0.00304655512767719,0.0023641408188268542,0.00257432330189431,0.019841832600746286
