Feature,MeanAbsSHAP,MedianAbsSHAP,StdAbsSHAP,ContributionShare
MedianPriceSqM,0.24308337127797303,0.1965792957926169,0.17057402980475012,0.5019490106785206
MedianPriceSqM_ma4q,0.1125189417466269,0.09020715486258268,0.07959526966938615,0.23234321292890217
MedianPriceSqM_lag1,0.10041828597203069,0.08222048860625364,0.07077279102007944,0.20735626230909115
AvgBuildingAge,0.017072551712635213,0.01611461636639433,0.007006379990635298,0.03525354448089991
TransactionCount,0.004632050608027309,0.003255093175539514,0.004272642134612813,0.00956483863083082
ActiveMeshes,0.004557140183374031,0.003562124191375915,0.003565313026381395,0.009410154197475555
MedianPriceSqM_growth_qoq,0.001996671121311522,0.0012184320430606022,0.002194737298032627,0.0041229767742796955
