Feature,MeanAbsSHAP,MedianAbsSHAP,StdAbsSHAP,ContributionShare
MedianPriceSqM,0.06995498007324404,0.0712220573805098,0.020048838137969514,0.39257742371436744
AvgBuildingAge,0.03420656556683683,0.03510309803277778,0.005303594743933027,0.1919623931031828
MedianPriceSqM_ma4q,0.03253337140127909,0.03279346496856306,0.009325779062345226,0.18257266482078138
MedianPriceSqM_lag1,0.028323857933667814,0.02869595475783626,0.008347505153863965,0.15894947244083202
ActiveMeshes,0.008040490757086726,0.008297397403111972,0.002799854346617572,0.04512209343082317
MedianPriceSqM_growth_qoq,0.0029442758906445586,0.002507511388103012,0.0023360081082708034,0.016522858596248108
TransactionCount,0.0021905567830169904,0.0014410970034077764,0.0019349791781755835,0.012293093893764916
