Feature,MeanAbsSHAP,MedianAbsSHAP,StdAbsSHAP,ContributionShare
MedianPriceSqM,0.28755854212977283,0.24278497748309746,0.16248811821584064,0.5071907872488627
MedianPriceSqM_ma4q,0.13299870742594067,0.11108616401907057,0.07621219103288349,0.23458082177924588
MedianPriceSqM_lag1,0.11887299463235952,0.10032617338583805,0.06742712206109813,0.20966613366334041
AvgBuildingAge,0.01674836000752992,0.016061438604083378,0.006398221180008327,0.02954046794935036
TransactionCount,0.005028424478114839,0.0035936524618591648,0.004514088188435853,0.008869048197238234
ActiveMeshes,0.004343998653610015,0.0027416072007326875,0.0033151307379259646,0.007661869755683212
MedianPriceSqM_growth_qoq,0.0014122325724953793,0.0010053131018139538,0.001294361441503588,0.0024908714062793188
