{
  "feature_cols": [
    "mesh_median_ppsqm",
    "mesh_median_ppsqm_lag1",
    "mesh_median_ppsqm_ma4q",
    "mesh_median_ppsqm_growth_qoq",
    "mesh_transaction_count",
    "mesh_avg_age",
    "mesh_avg_area"
  ],
  "mean": {
    "mesh_median_ppsqm": 142988.78146291853,
    "mesh_median_ppsqm_lag1": 140276.39312189727,
    "mesh_median_ppsqm_ma4q": 139821.7589147706,
    "mesh_median_ppsqm_growth_qoq": 22.125507378020274,
    "mesh_transaction_count": 18.123305193144027,
    "mesh_avg_age": 17.365468997675382,
    "mesh_avg_area": 435.25384262710384
  },
  "std": {
    "mesh_median_ppsqm": 82107.05290415115,
    "mesh_median_ppsqm_lag1": 81840.26190068739,
    "mesh_median_ppsqm_ma4q": 70512.26030846749,
    "mesh_median_ppsqm_growth_qoq": 136.1296714127048,
    "mesh_transaction_count": 15.919003717232405,
    "mesh_avg_age": 7.197112030763034,
    "mesh_avg_area": 651.4010345508404
  },
  "features": [
    "mesh_median_ppsqm",
    "mesh_median_ppsqm_lag1",
    "mesh_median_ppsqm_ma4q",
    "mesh_median_ppsqm_growth_qoq",
    "mesh_transaction_count",
    "mesh_avg_age",
    "mesh_avg_area"
  ]
}