Model,train_mae,train_rmse,train_r2,val_mae,val_rmse,val_r2,test_mae,test_rmse,test_r2,Level
LinearRegression,15289.386683749837,21997.566437705867,0.9942414803721622,14414.898507127758,19777.22235528227,0.9970153113371405,18594.707646533232,29651.119045021995,0.9953575118734405,Ward
RandomForest,3940.5269735233182,6097.334658297743,0.999557572982378,14886.734119648158,26010.6222634345,0.9948373827576298,44302.31595363824,112688.61215302693,0.9329453831538871,Ward
LightGBM,1117.026318426503,1858.7302501911315,0.9999588855666236,15949.871879973607,29862.142838662876,0.9931952781097776,48038.70338773811,116652.76617759658,0.9281447163597119,Ward
TorchLSTM,25319.13476129091,35459.110336890444,0.9850478099495368,25285.11698001623,33963.53046301869,0.991197741948776,38281.99294664441,64971.846199388514,0.9777095394724716,Ward
