{
  "feature_cols": [
    "MedianPriceSqM",
    "MedianPriceSqM_lag1",
    "MedianPriceSqM_ma4q",
    "MedianPriceSqM_growth_qoq",
    "TransactionCount",
    "AvgBuildingAge",
    "ActiveMeshes"
  ],
  "mean": {
    "MedianPriceSqM": 673932.6989671411,
    "MedianPriceSqM_lag1": 669948.9493376409,
    "MedianPriceSqM_ma4q": 668032.5297985572,
    "MedianPriceSqM_growth_qoq": 0.8055619315886239,
    "TransactionCount": 231.21510297482837,
    "AvgBuildingAge": 15.637765676888101,
    "ActiveMeshes": 15.20366132723112
  },
  "std": {
    "MedianPriceSqM": 216767.94007256572,
    "MedianPriceSqM_lag1": 215054.1260487318,
    "MedianPriceSqM_ma4q": 212144.4413511645,
    "MedianPriceSqM_growth_qoq": 6.701128825195314,
    "TransactionCount": 103.95970057789273,
    "AvgBuildingAge": 3.1074341218764507,
    "ActiveMeshes": 5.697637278198349
  },
  "features": [
    "MedianPriceSqM",
    "MedianPriceSqM_lag1",
    "MedianPriceSqM_ma4q",
    "MedianPriceSqM_growth_qoq",
    "TransactionCount",
    "AvgBuildingAge",
    "ActiveMeshes"
  ]
}