{
  "feature_cols": [
    "MedianPriceSqM",
    "MedianPriceSqM_lag1",
    "MedianPriceSqM_ma4q",
    "MedianPriceSqM_growth_qoq",
    "TransactionCount",
    "AvgBuildingAge",
    "ActiveMeshes"
  ],
  "mean": {
    "MedianPriceSqM": 119432.35225705813,
    "MedianPriceSqM_lag1": 116997.04618066295,
    "MedianPriceSqM_ma4q": 116267.51655880349,
    "MedianPriceSqM_growth_qoq": 24.199739854288996,
    "TransactionCount": 131.36785714285713,
    "AvgBuildingAge": 16.321406594077107,
    "ActiveMeshes": 10.635714285714286
  },
  "std": {
    "MedianPriceSqM": 35713.09408695497,
    "MedianPriceSqM_lag1": 37017.54816718769,
    "MedianPriceSqM_ma4q": 34082.6042179085,
    "MedianPriceSqM_growth_qoq": 264.610262645548,
    "TransactionCount": 58.01844690933767,
    "AvgBuildingAge": 3.1627342402723517,
    "ActiveMeshes": 5.388439389828905
  },
  "features": [
    "MedianPriceSqM",
    "MedianPriceSqM_lag1",
    "MedianPriceSqM_ma4q",
    "MedianPriceSqM_growth_qoq",
    "TransactionCount",
    "AvgBuildingAge",
    "ActiveMeshes"
  ]
}