{
  "feature_cols": [
    "MedianPriceSqM",
    "MedianPriceSqM_lag1",
    "MedianPriceSqM_ma4q",
    "MedianPriceSqM_growth_qoq",
    "TransactionCount",
    "AvgBuildingAge",
    "ActiveMeshes"
  ],
  "mean": {
    "MedianPriceSqM": 576346.214316718,
    "MedianPriceSqM_lag1": 572634.975180536,
    "MedianPriceSqM_ma4q": 570927.4363308444,
    "MedianPriceSqM_growth_qoq": 4.922701980838219,
    "TransactionCount": 213.64299182903835,
    "AvgBuildingAge": 15.75807960323186,
    "ActiveMeshes": 14.399748585795097
  },
  "std": {
    "MedianPriceSqM": 289057.304686938,
    "MedianPriceSqM_lag1": 287597.2870384839,
    "MedianPriceSqM_ma4q": 285414.088637724,
    "MedianPriceSqM_growth_qoq": 111.3673855589072,
    "TransactionCount": 104.60262999014246,
    "AvgBuildingAge": 3.1270970121465136,
    "ActiveMeshes": 5.905000540498876
  },
  "features": [
    "MedianPriceSqM",
    "MedianPriceSqM_lag1",
    "MedianPriceSqM_ma4q",
    "MedianPriceSqM_growth_qoq",
    "TransactionCount",
    "AvgBuildingAge",
    "ActiveMeshes"
  ]
}